{"cameraMode":{"drawMode":0,"name":"Shaded","section":"Shading Mode"},"sceneLighting":false,"audioPlay":false,"sceneViewState":{"m_AlwaysRefresh":false,"showFog":true,"showSkybox":false,"showFlares":true,"showImageEffects":true,"showParticleSystems":true,"showVisualEffectGraphs":true,"m_FxEnabled":true},"in2DMode":false,"pivot":{"x":0.10085446387529373,"y":1.0021034479141236,"z":3.379427433013916},"rotation":{"x":-0.11609742790460587,"y":0.8696783781051636,"z":-0.24463674426078797,"w":-0.4127250015735626},"size":0.8967936635017395,"orthographic":false}