{"cameraMode":{"drawMode":0,"name":"Shaded","section":"Shading Mode"},"sceneLighting":false,"audioPlay":false,"sceneViewState":{"m_AlwaysRefresh":false,"showFog":true,"showSkybox":false,"showFlares":true,"showImageEffects":true,"showParticleSystems":true,"showVisualEffectGraphs":true,"m_FxEnabled":true},"in2DMode":false,"pivot":{"x":0.07341327518224716,"y":0.9769002199172974,"z":3.637605667114258},"rotation":{"x":0.11364112794399262,"y":-0.6610285639762878,"z":-0.10348308831453324,"w":-0.7354721426963806},"size":0.5281526446342468,"orthographic":false}