{"cameraMode":{"drawMode":0,"name":"Shaded","section":"Shading Mode"},"sceneLighting":false,"audioPlay":false,"sceneViewState":{"m_AlwaysRefresh":false,"showFog":true,"showSkybox":false,"showFlares":true,"showImageEffects":true,"showParticleSystems":true,"showVisualEffectGraphs":true,"m_FxEnabled":true},"in2DMode":false,"pivot":{"x":1.4135605096817017,"y":-0.28470659255981448,"z":-0.08681205660104752},"rotation":{"x":0.10539647191762924,"y":0.8269926309585571,"z":-0.16541005671024323,"w":0.5269315838813782},"size":5.706618785858154,"orthographic":false}