{"cameraMode":{"drawMode":0,"name":"Shaded","section":"Shading Mode"},"sceneLighting":false,"audioPlay":false,"sceneViewState":{"m_AlwaysRefresh":false,"showFog":true,"showSkybox":false,"showFlares":true,"showImageEffects":true,"showParticleSystems":true,"showVisualEffectGraphs":true,"m_FxEnabled":true},"in2DMode":false,"pivot":{"x":0.28565216064453127,"y":0.36783838272094729,"z":3.572420120239258},"rotation":{"x":0.01665208861231804,"y":0.9772022366523743,"z":-0.0621199868619442,"w":0.20655257999897004},"size":1.4597724676132203,"orthographic":false}